"客户姓名","证件类型","日期",
"张三0","2638341940","Wed Dec 14 18:35:07 CST 2016",
"张三1","2638341941","Wed Dec 14 18:35:07 CST 2016",
"张三2","2638341942","Wed Dec 14 18:35:07 CST 2016",
"张三3","2638341943","Wed Dec 14 18:35:07 CST 2016",
"张三4","2638341944","Wed Dec 14 18:35:07 CST 2016",
"张三5","2638341945","Wed Dec 14 18:35:07 CST 2016",
"张三6","2638341946","Wed Dec 14 18:35:07 CST 2016",
"张三7","2638341947","Wed Dec 14 18:35:07 CST 2016",
"张三8","2638341948","Wed Dec 14 18:35:07 CST 2016",
"张三9","2638341949","Wed Dec 14 18:35:07 CST 2016",
"张三10","26383419410","Wed Dec 14 18:35:07 CST 2016",
"张三11","26383419411","Wed Dec 14 18:35:07 CST 2016",
"张三12","26383419412","Wed Dec 14 18:35:07 CST 2016",
"张三13","26383419413","Wed Dec 14 18:35:07 CST 2016",
"张三14","26383419414","Wed Dec 14 18:35:07 CST 2016",
"张三15","26383419415","Wed Dec 14 18:35:07 CST 2016",
"张三16","26383419416","Wed Dec 14 18:35:07 CST 2016",
"张三17","26383419417","Wed Dec 14 18:35:07 CST 2016",
"张三18","26383419418","Wed Dec 14 18:35:07 CST 2016",
"张三19","26383419419","Wed Dec 14 18:35:07 CST 2016",
"张三20","26383419420","Wed Dec 14 18:35:07 CST 2016",
"张三21","26383419421","Wed Dec 14 18:35:07 CST 2016",
"张三22","26383419422","Wed Dec 14 18:35:07 CST 2016",
"张三23","26383419423","Wed Dec 14 18:35:07 CST 2016",
"张三24","26383419424","Wed Dec 14 18:35:07 CST 2016",
"张三25","26383419425","Wed Dec 14 18:35:07 CST 2016",
"张三26","26383419426","Wed Dec 14 18:35:07 CST 2016",
"张三27","26383419427","Wed Dec 14 18:35:07 CST 2016",
"张三28","26383419428","Wed Dec 14 18:35:07 CST 2016",
"张三29","26383419429","Wed Dec 14 18:35:07 CST 2016",
"张三30","26383419430","Wed Dec 14 18:35:07 CST 2016",
"张三31","26383419431","Wed Dec 14 18:35:07 CST 2016",
"张三32","26383419432","Wed Dec 14 18:35:07 CST 2016",
"张三33","26383419433","Wed Dec 14 18:35:07 CST 2016",
"张三34","26383419434","Wed Dec 14 18:35:07 CST 2016",
"张三35","26383419435","Wed Dec 14 18:35:07 CST 2016",
"张三36","26383419436","Wed Dec 14 18:35:07 CST 2016",
"张三37","26383419437","Wed Dec 14 18:35:07 CST 2016",
"张三38","26383419438","Wed Dec 14 18:35:07 CST 2016",
"张三39","26383419439","Wed Dec 14 18:35:07 CST 2016",
"张三40","26383419440","Wed Dec 14 18:35:07 CST 2016",
"张三41","26383419441","Wed Dec 14 18:35:07 CST 2016",
"张三42","26383419442","Wed Dec 14 18:35:07 CST 2016",
"张三43","26383419443","Wed Dec 14 18:35:07 CST 2016",
"张三44","26383419444","Wed Dec 14 18:35:07 CST 2016",
"张三45","26383419445","Wed Dec 14 18:35:07 CST 2016",
"张三46","26383419446","Wed Dec 14 18:35:07 CST 2016",
"张三47","26383419447","Wed Dec 14 18:35:07 CST 2016",
"张三48","26383419448","Wed Dec 14 18:35:07 CST 2016",
"张三49","26383419449","Wed Dec 14 18:35:07 CST 2016",
"张三50","26383419450","Wed Dec 14 18:35:07 CST 2016",
"张三51","26383419451","Wed Dec 14 18:35:07 CST 2016",
"张三52","26383419452","Wed Dec 14 18:35:07 CST 2016",
"张三53","26383419453","Wed Dec 14 18:35:07 CST 2016",
"张三54","26383419454","Wed Dec 14 18:35:07 CST 2016",
"张三55","26383419455","Wed Dec 14 18:35:07 CST 2016",
"张三56","26383419456","Wed Dec 14 18:35:07 CST 2016",
"张三57","26383419457","Wed Dec 14 18:35:07 CST 2016",
"张三58","26383419458","Wed Dec 14 18:35:07 CST 2016",
"张三59","26383419459","Wed Dec 14 18:35:07 CST 2016",
"张三60","26383419460","Wed Dec 14 18:35:07 CST 2016",
"张三61","26383419461","Wed Dec 14 18:35:07 CST 2016",
"张三62","26383419462","Wed Dec 14 18:35:07 CST 2016",
"张三63","26383419463","Wed Dec 14 18:35:07 CST 2016",
"张三64","26383419464","Wed Dec 14 18:35:07 CST 2016",
"张三65","26383419465","Wed Dec 14 18:35:07 CST 2016",
"张三66","26383419466","Wed Dec 14 18:35:07 CST 2016",
"张三67","26383419467","Wed Dec 14 18:35:07 CST 2016",
"张三68","26383419468","Wed Dec 14 18:35:07 CST 2016",
"张三69","26383419469","Wed Dec 14 18:35:07 CST 2016",
"张三70","26383419470","Wed Dec 14 18:35:07 CST 2016",
"张三71","26383419471","Wed Dec 14 18:35:07 CST 2016",
"张三72","26383419472","Wed Dec 14 18:35:07 CST 2016",
"张三73","26383419473","Wed Dec 14 18:35:07 CST 2016",
"张三74","26383419474","Wed Dec 14 18:35:07 CST 2016",
"张三75","26383419475","Wed Dec 14 18:35:07 CST 2016",
"张三76","26383419476","Wed Dec 14 18:35:07 CST 2016",
"张三77","26383419477","Wed Dec 14 18:35:07 CST 2016",
"张三78","26383419478","Wed Dec 14 18:35:07 CST 2016",
"张三79","26383419479","Wed Dec 14 18:35:07 CST 2016",
"张三80","26383419480","Wed Dec 14 18:35:07 CST 2016",
"张三81","26383419481","Wed Dec 14 18:35:07 CST 2016",
"张三82","26383419482","Wed Dec 14 18:35:07 CST 2016",
"张三83","26383419483","Wed Dec 14 18:35:07 CST 2016",
"张三84","26383419484","Wed Dec 14 18:35:07 CST 2016",
"张三85","26383419485","Wed Dec 14 18:35:07 CST 2016",
"张三86","26383419486","Wed Dec 14 18:35:07 CST 2016",
"张三87","26383419487","Wed Dec 14 18:35:07 CST 2016",
"张三88","26383419488","Wed Dec 14 18:35:07 CST 2016",
"张三89","26383419489","Wed Dec 14 18:35:07 CST 2016",
"张三90","26383419490","Wed Dec 14 18:35:07 CST 2016",
"张三91","26383419491","Wed Dec 14 18:35:07 CST 2016",
"张三92","26383419492","Wed Dec 14 18:35:07 CST 2016",
"张三93","26383419493","Wed Dec 14 18:35:07 CST 2016",
"张三94","26383419494","Wed Dec 14 18:35:07 CST 2016",
"张三95","26383419495","Wed Dec 14 18:35:07 CST 2016",
"张三96","26383419496","Wed Dec 14 18:35:07 CST 2016",
"张三97","26383419497","Wed Dec 14 18:35:07 CST 2016",
"张三98","26383419498","Wed Dec 14 18:35:07 CST 2016",
"张三99","26383419499","Wed Dec 14 18:35:07 CST 2016",
